INSERT INTO users (id, display_name, city, state, zip_code, peanut_allergy_interest, egg_allergy_interest, dairy_allergy_interest) VALUES (1, 'Frodo Baggins', 'Hobbiton', 'The Shire', '12345', FALSE, FALSE, FALSE);
INSERT INTO users (id, display_name, city, state, zip_code, peanut_allergy_interest, egg_allergy_interest, dairy_allergy_interest) VALUES (2, 'Samwise Gamgee', 'Hobbiton', 'The Shire', '12346', FALSE, FALSE, FALSE);
INSERT INTO users (id, display_name, city, state, zip_code, peanut_allergy_interest, egg_allergy_interest, dairy_allergy_interest) VALUES (3, 'Gandalf the Grey', 'Rivendell', 'Eriador', '23456', TRUE, TRUE, FALSE);
INSERT INTO users (id, display_name, city, state, zip_code, peanut_allergy_interest, egg_allergy_interest, dairy_allergy_interest) VALUES (4, 'Aragorn', 'Gondor', 'Arnor', '34567', FALSE, FALSE, TRUE);
INSERT INTO users (id, display_name, city, state, zip_code, peanut_allergy_interest, egg_allergy_interest, dairy_allergy_interest) VALUES (5, 'Legolas', 'Mirkwood', 'Woodland Realm', '45678', FALSE, TRUE, TRUE);
INSERT INTO users (id, display_name, city, state, zip_code, peanut_allergy_interest, egg_allergy_interest, dairy_allergy_interest) VALUES (6, 'Gimli', 'Lonely Mountain', 'The Ered Luin', '56789', TRUE, FALSE, FALSE);
INSERT INTO users (id, display_name, city, state, zip_code, peanut_allergy_interest, egg_allergy_interest, dairy_allergy_interest) VALUES (7, 'Arwen Undómiel', 'Rivendell', 'Eriador', '78901', TRUE, TRUE, TRUE);
INSERT INTO users (id, display_name, city, state, zip_code, peanut_allergy_interest, egg_allergy_interest, dairy_allergy_interest) VALUES (8, 'Boromir', 'Minas Tirith', 'Gondor', '23489', FALSE, FALSE, FALSE);
INSERT INTO users (id, display_name, city, state, zip_code, peanut_allergy_interest, egg_allergy_interest, dairy_allergy_interest) VALUES (9, 'Éomer', 'Rohan', 'Rohan', '34598', FALSE, TRUE, FALSE);
INSERT INTO users (id, display_name, city, state, zip_code, peanut_allergy_interest, egg_allergy_interest, dairy_allergy_interest) VALUES (10, 'Galadriel', 'Lothlórien', 'Lothlórien', '56760', TRUE, FALSE, TRUE);
INSERT INTO users (id, display_name, city, state, zip_code, peanut_allergy_interest, egg_allergy_interest, dairy_allergy_interest) VALUES (11, 'Fëanor', 'Formenos', 'Valinor', '67801', FALSE, TRUE, TRUE);
INSERT INTO users (id, display_name, city, state, zip_code, peanut_allergy_interest, egg_allergy_interest, dairy_allergy_interest) VALUES (12, 'Melkor', 'Utumno', 'Angband', '89012', FALSE, FALSE, FALSE);
INSERT INTO users (id, display_name, city, state, zip_code, peanut_allergy_interest, egg_allergy_interest, dairy_allergy_interest) VALUES (13, 'Lúthien Tinúviel', 'Doriath', 'Beleriand', '12347', TRUE, FALSE, FALSE);
INSERT INTO users (id, display_name, city, state, zip_code, peanut_allergy_interest, egg_allergy_interest, dairy_allergy_interest) VALUES (14, 'Beren', 'Doriath', 'Beleriand', '23448', FALSE, TRUE, FALSE);
INSERT INTO users (id, display_name, city, state, zip_code, peanut_allergy_interest, egg_allergy_interest, dairy_allergy_interest) VALUES (15, 'Thingol', 'Doriath', 'Beleriand', '34559', TRUE, TRUE, TRUE);
INSERT INTO users (id, display_name, city, state, zip_code, peanut_allergy_interest, egg_allergy_interest, dairy_allergy_interest) VALUES (16, 'Turin Turambar', 'Nargothrond', 'Beleriand', '45660', FALSE, FALSE, FALSE);
INSERT INTO users (id, display_name, city, state, zip_code, peanut_allergy_interest, egg_allergy_interest, dairy_allergy_interest) VALUES (17, 'Túrin Turambar', 'Nargothrond', 'Beleriand', '56770', TRUE, FALSE, FALSE);
INSERT INTO users (id, display_name, city, state, zip_code, peanut_allergy_interest, egg_allergy_interest, dairy_allergy_interest) VALUES (18, 'Eärendil', 'Aman', 'Valinor', '67880', FALSE, TRUE, TRUE);
INSERT INTO users (id, display_name, city, state, zip_code, peanut_allergy_interest, egg_allergy_interest, dairy_allergy_interest) VALUES (19, 'Idril Celebrindal', 'Gondolin', 'Beleriand', '78911', TRUE, TRUE, TRUE);
INSERT INTO users (id, display_name, city, state, zip_code, peanut_allergy_interest, egg_allergy_interest, dairy_allergy_interest) VALUES (20, 'Turgon', 'Gondolin', 'Beleriand', '89022', FALSE, FALSE, TRUE);
INSERT INTO users (id, display_name, city, state, zip_code, peanut_allergy_interest, egg_allergy_interest, dairy_allergy_interest) VALUES (21, 'Finrod Felagund', 'Nargothrond', 'Beleriand', '90123', TRUE, FALSE, TRUE);
INSERT INTO users (id, display_name, city, state, zip_code, peanut_allergy_interest, egg_allergy_interest, dairy_allergy_interest) VALUES (22, 'Gwindor', 'Nargothrond', 'Beleriand', '91234', FALSE, TRUE, FALSE);
INSERT INTO users (id, display_name, city, state, zip_code, peanut_allergy_interest, egg_allergy_interest, dairy_allergy_interest) VALUES (23, 'Maeglin', 'Gondolin', 'Beleriand', '12358', TRUE, TRUE, FALSE);
INSERT INTO users (id, display_name, city, state, zip_code, peanut_allergy_interest, egg_allergy_interest, dairy_allergy_interest) VALUES (24, 'Eönwë', 'Valinor', 'Aman', '12360', FALSE, FALSE, TRUE);
INSERT INTO users (id, display_name, city, state, zip_code, peanut_allergy_interest, egg_allergy_interest, dairy_allergy_interest) VALUES (25, 'Varda', 'Valinor', 'Aman', '23470', TRUE, FALSE, FALSE);
INSERT INTO users (id, display_name, city, state, zip_code, peanut_allergy_interest, egg_allergy_interest, dairy_allergy_interest) VALUES (26, 'Aulë', 'Valinor', 'Aman', '34580', TRUE, TRUE, TRUE);
INSERT INTO users (id, display_name, city, state, zip_code, peanut_allergy_interest, egg_allergy_interest, dairy_allergy_interest) VALUES (27, 'Mandos', 'Valinor', 'Aman', '45690', FALSE, TRUE, FALSE);
INSERT INTO users (id, display_name, city, state, zip_code, peanut_allergy_interest, egg_allergy_interest, dairy_allergy_interest) VALUES (28, 'Nienna', 'Valinor', 'Aman', '56710', TRUE, TRUE, TRUE);
INSERT INTO users (id, display_name, city, state, zip_code, peanut_allergy_interest, egg_allergy_interest, dairy_allergy_interest) VALUES (29, 'Ulmo', 'Valinor', 'Aman', '67820', FALSE, FALSE, TRUE);
INSERT INTO users (id, display_name, city, state, zip_code, peanut_allergy_interest, egg_allergy_interest, dairy_allergy_interest) VALUES (30, 'Yavanna', 'Valinor', 'Aman', '78930', TRUE, TRUE, FALSE);
INSERT INTO users (id, display_name, city, state, zip_code, peanut_allergy_interest, egg_allergy_interest, dairy_allergy_interest) VALUES (31, 'Vairë', 'Valinor', 'Aman', '89040', FALSE, FALSE, TRUE);
INSERT INTO users (id, display_name, city, state, zip_code, peanut_allergy_interest, egg_allergy_interest, dairy_allergy_interest) VALUES (32, 'Elros Tar-Minyatur', 'Númenor', 'Númenor', '12370', FALSE, FALSE, TRUE);
INSERT INTO users (id, display_name, city, state, zip_code, peanut_allergy_interest, egg_allergy_interest, dairy_allergy_interest) VALUES (33, 'Tar-Aldarion', 'Númenor', 'Númenor', '23480', TRUE, FALSE, FALSE);
INSERT INTO users (id, display_name, city, state, zip_code, peanut_allergy_interest, egg_allergy_interest, dairy_allergy_interest) VALUES (34, 'Isildur', 'Minas Ithil', 'Gondor', '34590', FALSE, TRUE, TRUE);
INSERT INTO users (id, display_name, city, state, zip_code, peanut_allergy_interest, egg_allergy_interest, dairy_allergy_interest) VALUES (35, 'Anárion', 'Minas Anor', 'Gondor', '45600', TRUE, FALSE, TRUE);

INSERT INTO restaurants (id, name, address, zip_code, cuisine_type, peanut_score, egg_score, dairy_score, overall_score) VALUES (1, 'The Prancing Pony', 'Bree, Middle-earth', '10001', 'Pub', 4.5, 4.2, 4.8, 4.5);
INSERT INTO restaurants (id, name, address, zip_code, cuisine_type, peanut_score, egg_score, dairy_score, overall_score) VALUES (2, 'Green Dragon Inn', 'Bywater, The Shire', '10001', 'Traditional Hobbit Cuisine', 5.0, 4.9, 4.7, 4.9);
INSERT INTO restaurants (id, name, address, zip_code, cuisine_type, peanut_score, egg_score, dairy_score, overall_score) VALUES (3, 'Rivendell Feast Hall', 'Rivendell, Middle-earth', '10001', 'Elven Gourmet', 4.8, 5.0, 5.0, 4.9);
INSERT INTO restaurants (id, name, address, zip_code, cuisine_type, peanut_score, egg_score, dairy_score, overall_score) VALUES (4, 'Mordor BBQ Pit', 'Mount Doom, Mordor', '10001', 'Grilled Meat', 3.2, 3.8, 3.5, 3.6);
INSERT INTO restaurants (id, name, address, zip_code, cuisine_type, peanut_score, egg_score, dairy_score, overall_score) VALUES (5, 'Gondor Royal Banquet', 'Minas Tirith, Gondor', '10001', 'Fine Dining', 4.7, 4.6, 4.5, 4.6);
INSERT INTO restaurants (id, name, address, zip_code, cuisine_type, peanut_score, egg_score, dairy_score, overall_score) VALUES (6, 'Rohan Mead Hall', 'Edoras, Rohan', '10001', 'Medieval Feast', 4.4, 4.2, 4.0, 4.2);
INSERT INTO restaurants (id, name, address, zip_code, cuisine_type, peanut_score, egg_score, dairy_score, overall_score) VALUES (7, 'Lothlórien Vegan Delights', 'Caras Galadhon, Lothlórien', '10001', 'Elven Vegan', 5.0, 5.0, 5.0, 5.0);
INSERT INTO restaurants (id, name, address, zip_code, cuisine_type, peanut_score, egg_score, dairy_score, overall_score) VALUES (8, 'Isengard Dairy Farm', 'Isengard, Rohan', '10001', 'Dairy Products', 3.5, 3.0, 3.5, 3.3);
INSERT INTO restaurants (id, name, address, zip_code, cuisine_type, peanut_score, egg_score, dairy_score, overall_score) VALUES (9, 'Valinor Vegan Café', 'Valinor, Aman', '10001', 'Vegan Cuisine', 4.9, 4.8, 4.9, 4.9);
INSERT INTO restaurants (id, name, address, zip_code, cuisine_type, peanut_score, egg_score, dairy_score, overall_score) VALUES (10, 'Khazad-dûm Delicatessen', 'Moria, Ered Luin', '10001', 'Dwarven Delicacies', 4.0, 4.0, 4.0, 4.0);

INSERT INTO dining_reviews (id, user_id, restaurant_id, peanut_score, egg_score, dairy_score, commentary, status) VALUES (1, 1, 1, 5.0, 4.5, 3.0, 'Ótimo restaurante, mas poucas opções sem laticínios.', 'PENDING');
INSERT INTO dining_reviews (id, user_id, restaurant_id, peanut_score, egg_score, dairy_score, commentary, status) VALUES (2, 2, 3, 4.0, 5.0, 5.0, 'Comida excelente, perfeito para quem tem alergias!', 'APPROVED');
INSERT INTO dining_reviews (id, user_id, restaurant_id, peanut_score, egg_score, dairy_score, commentary, status) VALUES (3, 3, 2, 3.5, 2.0, 4.5, 'Ambiente agradável, mas poderia ter mais opções sem amendoim.', 'PENDING');
INSERT INTO dining_reviews (id, user_id, restaurant_id, peanut_score, egg_score, dairy_score, commentary, status) VALUES (4, 4, 5, 5.0, 5.0, 4.5, 'Melhor experiência gastronômica que já tive!', 'APPROVED');
INSERT INTO dining_reviews (id, user_id, restaurant_id, peanut_score, egg_score, dairy_score, commentary, status) VALUES (5, 5, 4, 2.0, 3.0, 5.0, 'Ótima comida, mas tenha cuidado com ingredientes que possam conter amendoim.', 'REJECTED');
INSERT INTO dining_reviews (id, user_id, restaurant_id, peanut_score, egg_score, dairy_score, commentary, status) VALUES (6, 6, 6, 4.0, 3.0, 2.5, 'Opções bem variadas, mas poucos pratos sem ovos.', 'PENDING');
INSERT INTO dining_reviews (id, user_id, restaurant_id, peanut_score, egg_score, dairy_score, commentary, status) VALUES (7, 7, 7, 5.0, 5.0, 5.0, 'Perfeito para vegetarianos e pessoas com restrições alimentares.', 'APPROVED');
INSERT INTO dining_reviews (id, user_id, restaurant_id, peanut_score, egg_score, dairy_score, commentary, status) VALUES (8, 8, 8, 3.0, 4.0, 3.5, 'Comida muito saborosa, mas um pouco pesada nos laticínios.', 'PENDING');
INSERT INTO dining_reviews (id, user_id, restaurant_id, peanut_score, egg_score, dairy_score, commentary, status) VALUES (9, 9, 9, 5.0, 4.5, 5.0, 'Pratos incríveis, ambiente agradável e seguro para alérgicos.', 'APPROVED');
INSERT INTO dining_reviews (id, user_id, restaurant_id, peanut_score, egg_score, dairy_score, commentary, status) VALUES (10, 10, 10, 3.0, 2.5, 4.0, 'Boa comida, mas poucas opções sem ovos.', 'REJECTED');
INSERT INTO dining_reviews (id, user_id, restaurant_id, peanut_score, egg_score, dairy_score, commentary, status) VALUES (11, 11, 1, 4.0, 4.5, 3.5, 'Um pouco barulhento, mas a comida é boa.', 'PENDING');
INSERT INTO dining_reviews (id, user_id, restaurant_id, peanut_score, egg_score, dairy_score, commentary, status) VALUES (12, 12, 2, 5.0, 4.8, 4.9, 'A melhor comida hobbit que já comi!', 'APPROVED');
INSERT INTO dining_reviews (id, user_id, restaurant_id, peanut_score, egg_score, dairy_score, commentary, status) VALUES (13, 13, 3, 4.5, 5.0, 4.7, 'Amei a atmosfera élfica e a comida divina.', 'APPROVED');
INSERT INTO dining_reviews (id, user_id, restaurant_id, peanut_score, egg_score, dairy_score, commentary, status) VALUES (14, 14, 4, 3.0, 3.5, 4.0, 'A carne estava um pouco dura, mas o ambiente é interessante.', 'PENDING');
INSERT INTO dining_reviews (id, user_id, restaurant_id, peanut_score, egg_score, dairy_score, commentary, status) VALUES (15, 15, 5, 4.8, 4.9, 4.6, 'Um banquete digno de um rei!', 'APPROVED');
INSERT INTO dining_reviews (id, user_id, restaurant_id, peanut_score, egg_score, dairy_score, commentary, status) VALUES (16, 16, 6, 4.2, 4.0, 3.8, 'O hidromel estava delicioso, mas as opções sem ovos eram limitadas.', 'PENDING');
INSERT INTO dining_reviews (id, user_id, restaurant_id, peanut_score, egg_score, dairy_score, commentary, status) VALUES (17, 17, 7, 5.0, 5.0, 5.0, 'Um paraíso vegano! Tudo perfeito.', 'APPROVED');
INSERT INTO dining_reviews (id, user_id, restaurant_id, peanut_score, egg_score, dairy_score, commentary, status) VALUES (18, 18, 8, 3.5, 3.0, 3.5, 'Se você ama laticínios, este é o seu lugar.', 'PENDING');
INSERT INTO dining_reviews (id, user_id, restaurant_id, peanut_score, egg_score, dairy_score, commentary, status) VALUES (19, 19, 9, 4.9, 4.8, 4.9, 'Comida vegana incrível e ambiente acolhedor.', 'APPROVED');
INSERT INTO dining_reviews (id, user_id, restaurant_id, peanut_score, egg_score, dairy_score, commentary, status) VALUES (20, 20, 10, 4.0, 4.0, 4.0, 'As iguarias anãs são únicas e saborosas.', 'APPROVED');
INSERT INTO dining_reviews (id, user_id, restaurant_id, peanut_score, egg_score, dairy_score, commentary, status) VALUES (21, 21, 1, 4.5, 4.2, 4.8, 'Ótimo pub com boa comida e bebida.', 'APPROVED');
INSERT INTO dining_reviews (id, user_id, restaurant_id, peanut_score, egg_score, dairy_score, commentary, status) VALUES (22, 22, 2, 5.0, 4.9, 4.7, 'Aconchegante e com comida deliciosa.', 'APPROVED');
INSERT INTO dining_reviews (id, user_id, restaurant_id, peanut_score, egg_score, dairy_score, commentary, status) VALUES (23, 23, 3, 4.8, 5.0, 5.0, 'Uma experiência gastronômica élfica inesquecível.', 'APPROVED');
INSERT INTO dining_reviews (id, user_id, restaurant_id, peanut_score, egg_score, dairy_score, commentary, status) VALUES (24, 24, 4, 3.2, 3.8, 3.5, 'Para os amantes de carne, este é o lugar certo.', 'PENDING');
INSERT INTO dining_reviews (id, user_id, restaurant_id, peanut_score, egg_score, dairy_score, commentary, status) VALUES (25, 25, 5, 4.7, 4.6, 4.5, 'Um banquete real com pratos requintados.', 'APPROVED');
INSERT INTO dining_reviews (id, user_id, restaurant_id, peanut_score, egg_score, dairy_score, commentary, status) VALUES (26, 26, 6, 4.4, 4.2, 4.0, 'Uma festa medieval com muita fartura.', 'APPROVED');
INSERT INTO dining_reviews (id, user_id, restaurant_id, peanut_score, egg_score, dairy_score, commentary, status) VALUES (27, 27, 7, 5.0, 5.0, 5.0, 'O paraíso dos veganos e alérgicos.', 'APPROVED');
INSERT INTO dining_reviews (id, user_id, restaurant_id, peanut_score, egg_score, dairy_score, commentary, status) VALUES (28, 28, 8, 3.5, 3.0, 3.5, 'Uma variedade enorme de laticínios.', 'PENDING');
INSERT INTO dining_reviews (id, user_id, restaurant_id, peanut_score, egg_score, dairy_score, commentary, status) VALUES (29, 29, 9, 4.9, 4.8, 4.9, 'Comida vegana deliciosa e ambiente relaxante.', 'APPROVED');
INSERT INTO dining_reviews (id, user_id, restaurant_id, peanut_score, egg_score, dairy_score, commentary, status) VALUES (30, 30, 10, 4.0, 4.0, 4.0, 'Uma experiência gastronômica anã autêntica.', 'APPROVED');
INSERT INTO dining_reviews (id, user_id, restaurant_id, peanut_score, egg_score, dairy_score, commentary, status) VALUES (31, 31, 1, 4.0, 4.5, 3.5, 'Ótimo lugar para relaxar e tomar uma cerveja.', 'PENDING');
INSERT INTO dining_reviews (id, user_id, restaurant_id, peanut_score, egg_score, dairy_score, commentary, status) VALUES (32, 32, 2, 5.0, 4.8, 4.9, 'A torta de maçã hobbit é imperdível!', 'APPROVED');
INSERT INTO dining_reviews (id, user_id, restaurant_id, peanut_score, egg_score, dairy_score, commentary, status) VALUES (33, 33, 3, 4.5, 5.0, 4.7, 'Amei a sopa élfica e o pão de lembas.', 'APPROVED');
INSERT INTO dining_reviews (id, user_id, restaurant_id, peanut_score, egg_score, dairy_score, commentary, status) VALUES (34, 34, 4, 3.0, 3.5, 4.0, 'A carne de uruk-hai é um pouco forte para o meu paladar.', 'PENDING');
INSERT INTO dining_reviews (id, user_id, restaurant_id, peanut_score, egg_score, dairy_score, commentary, status) VALUES (35, 35, 5, 4.8, 4.9, 4.6, 'O banquete real é uma experiência única.', 'APPROVED');
INSERT INTO dining_reviews (id, user_id, restaurant_id, peanut_score, egg_score, dairy_score, commentary, status) VALUES (36, 1, 6, 4.2, 4.0, 3.8, 'O hidromel estava delicioso, mas as opções sem ovos eram limitadas.', 'PENDING');
INSERT INTO dining_reviews (id, user_id, restaurant_id, peanut_score, egg_score, dairy_score, commentary, status) VALUES (37, 2, 7, 5.0, 5.0, 5.0, 'Um paraíso vegano! Tudo perfeito.', 'APPROVED');
INSERT INTO dining_reviews (id, user_id, restaurant_id, peanut_score, egg_score, dairy_score, commentary, status) VALUES (38, 3, 8, 3.5, 3.0, 3.5, 'Se você ama laticínios, este é o seu lugar.', 'PENDING');
INSERT INTO dining_reviews (id, user_id, restaurant_id, peanut_score, egg_score, dairy_score, commentary, status) VALUES (39, 4, 9, 4.9, 4.8, 4.9, 'Comida vegana incrível e ambiente acolhedor.', 'APPROVED');
INSERT INTO dining_reviews (id, user_id, restaurant_id, peanut_score, egg_score, dairy_score, commentary, status) VALUES (40, 5, 10, 4.0, 4.0, 4.0, 'As iguarias anãs são únicas e saborosas.', 'APPROVED');
INSERT INTO dining_reviews (id, user_id, restaurant_id, peanut_score, egg_score, dairy_score, commentary, status) VALUES (41, 6, 1, 4.5, 4.2, 4.8, 'Ótimo pub com boa comida e bebida.', 'APPROVED');
INSERT INTO dining_reviews (id, user_id, restaurant_id, peanut_score, egg_score, dairy_score, commentary, status) VALUES (42, 7, 2, 5.0, 4.9, 4.7, 'Aconchegante e com comida deliciosa.', 'APPROVED');
INSERT INTO dining_reviews (id, user_id, restaurant_id, peanut_score, egg_score, dairy_score, commentary, status) VALUES (43, 8, 3, 4.8, 5.0, 5.0, 'Uma experiência gastronômica élfica inesquecível.', 'APPROVED');
INSERT INTO dining_reviews (id, user_id, restaurant_id, peanut_score, egg_score, dairy_score, commentary, status) VALUES (44, 9, 4, 3.2, 3.8, 3.5, 'Para os amantes de carne, este é o lugar certo.', 'PENDING');
INSERT INTO dining_reviews (id, user_id, restaurant_id, peanut_score, egg_score, dairy_score, commentary, status) VALUES (45, 10, 5, 4.7, 4.6, 4.5, 'Um banquete real com pratos requintados.', 'APPROVED');
INSERT INTO dining_reviews (id, user_id, restaurant_id, peanut_score, egg_score, dairy_score, commentary, status) VALUES (46, 11, 6, 4.4, 4.2, 4.0, 'Uma festa medieval com muita fartura.', 'APPROVED');
INSERT INTO dining_reviews (id, user_id, restaurant_id, peanut_score, egg_score, dairy_score, commentary, status) VALUES (47, 12, 7, 5.0, 5.0, 5.0, 'O paraíso dos veganos e alérgicos.', 'APPROVED');
INSERT INTO dining_reviews (id, user_id, restaurant_id, peanut_score, egg_score, dairy_score, commentary, status) VALUES (48, 13, 8, 3.5, 3.0, 3.5, 'Uma variedade enorme de laticínios.', 'PENDING');
INSERT INTO dining_reviews (id, user_id, restaurant_id, peanut_score, egg_score, dairy_score, commentary, status) VALUES (49, 14, 9, 4.9, 4.8, 4.9, 'Comida vegana deliciosa e ambiente relaxante.', 'APPROVED');
INSERT INTO dining_reviews (id, user_id, restaurant_id, peanut_score, egg_score, dairy_score, commentary, status) VALUES (50, 15, 10, 4.0, 4.0, 4.0, 'Uma experiência gastronômica anã autêntica.', 'APPROVED');
INSERT INTO dining_reviews (id, user_id, restaurant_id, peanut_score, egg_score, dairy_score, commentary, status) VALUES (51, 16, 1, 4.0, 4.5, 3.5, 'Ótimo lugar para relaxar e tomar uma cerveja.', 'PENDING');
INSERT INTO dining_reviews (id, user_id, restaurant_id, peanut_score, egg_score, dairy_score, commentary, status) VALUES (52, 17, 2, 5.0, 4.8, 4.9, 'A torta de maçã hobbit é imperdível!', 'APPROVED');
INSERT INTO dining_reviews (id, user_id, restaurant_id, peanut_score, egg_score, dairy_score, commentary, status) VALUES (53, 18, 3, 4.5, 5.0, 4.7, 'Amei a sopa élfica e o pão de lembas.', 'APPROVED');
INSERT INTO dining_reviews (id, user_id, restaurant_id, peanut_score, egg_score, dairy_score, commentary, status) VALUES (54, 19, 4, 3.0, 3.5, 4.0, 'A carne de uruk-hai é um pouco forte para o meu paladar.', 'PENDING');
INSERT INTO dining_reviews (id, user_id, restaurant_id, peanut_score, egg_score, dairy_score, commentary, status) VALUES (55, 20, 5, 4.7, 4.6, 4.5, 'Um banquete real com pratos requintados.', 'APPROVED');
INSERT INTO dining_reviews (id, user_id, restaurant_id, peanut_score, egg_score, dairy_score, commentary, status) VALUES (56, 21, 6, 4.4, 4.2, 4.0, 'Uma festa medieval com muita fartura.', 'APPROVED');
INSERT INTO dining_reviews (id, user_id, restaurant_id, peanut_score, egg_score, dairy_score, commentary, status) VALUES (57, 22, 7, 5.0, 5.0, 5.0, 'O paraíso dos veganos e alérgicos.', 'APPROVED');
INSERT INTO dining_reviews (id, user_id, restaurant_id, peanut_score, egg_score, dairy_score, commentary, status) VALUES (58, 23, 8, 3.5, 3.0, 3.5, 'Uma variedade enorme de laticínios.', 'PENDING');
INSERT INTO dining_reviews (id, user_id, restaurant_id, peanut_score, egg_score, dairy_score, commentary, status) VALUES (59, 24, 9, 4.9, 4.8, 4.9, 'Comida vegana deliciosa e ambiente relaxante.', 'APPROVED');
INSERT INTO dining_reviews (id, user_id, restaurant_id, peanut_score, egg_score, dairy_score, commentary, status) VALUES (60, 25, 10, 4.0, 4.0, 4.0, 'Uma experiência gastronômica anã autêntica.', 'APPROVED');
INSERT INTO dining_reviews (id, user_id, restaurant_id, peanut_score, egg_score, dairy_score, commentary, status) VALUES (61, 26, 1, 4.0, 4.5, 3.5, 'Ótimo lugar para relaxar e tomar uma cerveja.', 'PENDING');
INSERT INTO dining_reviews (id, user_id, restaurant_id, peanut_score, egg_score, dairy_score, commentary, status) VALUES (62, 27, 2, 5.0, 4.8, 4.9, 'A torta de maçã hobbit é imperdível!', 'APPROVED');
INSERT INTO dining_reviews (id, user_id, restaurant_id, peanut_score, egg_score, dairy_score, commentary, status) VALUES (63, 28, 3, 4.5, 5.0, 4.7, 'Amei a sopa élfica e o pão de lembas.', 'APPROVED');
INSERT INTO dining_reviews (id, user_id, restaurant_id, peanut_score, egg_score, dairy_score, commentary, status) VALUES (64, 29, 4, 3.0, 3.5, 4.0, 'A carne de uruk-hai é um pouco forte para o meu paladar.', 'PENDING');
INSERT INTO dining_reviews (id, user_id, restaurant_id, peanut_score, egg_score, dairy_score, commentary, status) VALUES (65, 30, 5, 4.8, 4.9, 4.6, 'O banquete real é uma experiência única.', 'APPROVED');
INSERT INTO dining_reviews (id, user_id, restaurant_id, peanut_score, egg_score, dairy_score, commentary, status) VALUES (66, 31, 6, 4.2, 4.0, 3.8, 'O hidromel estava delicioso, mas as opções sem ovos eram limitadas.', 'PENDING');
INSERT INTO dining_reviews (id, user_id, restaurant_id, peanut_score, egg_score, dairy_score, commentary, status) VALUES (67, 32, 7, 5.0, 5.0, 5.0, 'Um paraíso vegano! Tudo perfeito.', 'APPROVED');
INSERT INTO dining_reviews (id, user_id, restaurant_id, peanut_score, egg_score, dairy_score, commentary, status) VALUES (68, 33, 8, 3.5, 3.0, 3.5, 'Se você ama laticínios, este é o seu lugar.', 'PENDING');
INSERT INTO dining_reviews (id, user_id, restaurant_id, peanut_score, egg_score, dairy_score, commentary, status) VALUES (69, 34, 9, 4.9, 4.8, 4.9, 'Comida vegana incrível e ambiente acolhedor.', 'APPROVED');
INSERT INTO dining_reviews (id, user_id, restaurant_id, peanut_score, egg_score, dairy_score, commentary, status) VALUES (70, 35, 10, 4.0, 4.0, 4.0, 'As iguarias anãs são únicas e saborosas.', 'APPROVED');

ALTER TABLE dining_reviews ALTER COLUMN id RESTART WITH 71;