INSERT INTO users (id, display_name, city, state, zip_code, peanut_allergy_interest, egg_allergy_interest, dairy_allergy_interest) VALUES (1, 'Frodo Baggins', 'Hobbiton', 'The Shire', '12345', FALSE, FALSE, FALSE);
INSERT INTO users (id, display_name, city, state, zip_code, peanut_allergy_interest, egg_allergy_interest, dairy_allergy_interest) VALUES (2, 'Samwise Gamgee', 'Hobbiton', 'The Shire', '12346', FALSE, FALSE, FALSE);
INSERT INTO users (id, display_name, city, state, zip_code, peanut_allergy_interest, egg_allergy_interest, dairy_allergy_interest) VALUES (3, 'Gandalf the Grey', 'Rivendell', 'Eriador', '23456', TRUE, TRUE, FALSE);
INSERT INTO users (id, display_name, city, state, zip_code, peanut_allergy_interest, egg_allergy_interest, dairy_allergy_interest) VALUES (4, 'Aragorn', 'Gondor', 'Arnor', '34567', FALSE, FALSE, TRUE);
INSERT INTO users (id, display_name, city, state, zip_code, peanut_allergy_interest, egg_allergy_interest, dairy_allergy_interest) VALUES (5, 'Legolas', 'Mirkwood', 'Woodland Realm', '45678', FALSE, TRUE, TRUE);
INSERT INTO users (id, display_name, city, state, zip_code, peanut_allergy_interest, egg_allergy_interest, dairy_allergy_interest) VALUES (6, 'Gimli', 'Lonely Mountain', 'The Ered Luin', '56789', TRUE, FALSE, FALSE);
INSERT INTO users (id, display_name, city, state, zip_code, peanut_allergy_interest, egg_allergy_interest, dairy_allergy_interest) VALUES (7, 'Arwen Undómiel', 'Rivendell', 'Eriador', '78901', TRUE, TRUE, TRUE);
INSERT INTO users (id, display_name, city, state, zip_code, peanut_allergy_interest, egg_allergy_interest, dairy_allergy_interest) VALUES (8, 'Boromir', 'Minas Tirith', 'Gondor', '23489', FALSE, FALSE, FALSE);
INSERT INTO users (id, display_name, city, state, zip_code, peanut_allergy_interest, egg_allergy_interest, dairy_allergy_interest) VALUES (9, 'Éomer', 'Rohan', 'Rohan', '34598', FALSE, TRUE, FALSE);
INSERT INTO users (id, display_name, city, state, zip_code, peanut_allergy_interest, egg_allergy_interest, dairy_allergy_interest) VALUES (10, 'Galadriel', 'Lothlórien', 'Lothlórien', '56760', TRUE, FALSE, TRUE);
INSERT INTO users (id, display_name, city, state, zip_code, peanut_allergy_interest, egg_allergy_interest, dairy_allergy_interest) VALUES (11, 'Fëanor', 'Formenos', 'Valinor', '67801', FALSE, TRUE, TRUE);
INSERT INTO users (id, display_name, city, state, zip_code, peanut_allergy_interest, egg_allergy_interest, dairy_allergy_interest) VALUES (12, 'Melkor', 'Utumno', 'Angband', '89012', FALSE, FALSE, FALSE);
INSERT INTO users (id, display_name, city, state, zip_code, peanut_allergy_interest, egg_allergy_interest, dairy_allergy_interest) VALUES (13, 'Lúthien Tinúviel', 'Doriath', 'Beleriand', '12347', TRUE, FALSE, FALSE);
INSERT INTO users (id, display_name, city, state, zip_code, peanut_allergy_interest, egg_allergy_interest, dairy_allergy_interest) VALUES (14, 'Beren', 'Doriath', 'Beleriand', '23448', FALSE, TRUE, FALSE);
INSERT INTO users (id, display_name, city, state, zip_code, peanut_allergy_interest, egg_allergy_interest, dairy_allergy_interest) VALUES (15, 'Thingol', 'Doriath', 'Beleriand', '34559', TRUE, TRUE, TRUE);
INSERT INTO users (id, display_name, city, state, zip_code, peanut_allergy_interest, egg_allergy_interest, dairy_allergy_interest) VALUES (16, 'Turin Turambar', 'Nargothrond', 'Beleriand', '45660', FALSE, FALSE, FALSE);
INSERT INTO users (id, display_name, city, state, zip_code, peanut_allergy_interest, egg_allergy_interest, dairy_allergy_interest) VALUES (17, 'Túrin Turambar', 'Nargothrond', 'Beleriand', '56770', TRUE, FALSE, FALSE);
INSERT INTO users (id, display_name, city, state, zip_code, peanut_allergy_interest, egg_allergy_interest, dairy_allergy_interest) VALUES (18, 'Eärendil', 'Aman', 'Valinor', '67880', FALSE, TRUE, TRUE);
INSERT INTO users (id, display_name, city, state, zip_code, peanut_allergy_interest, egg_allergy_interest, dairy_allergy_interest) VALUES (19, 'Idril Celebrindal', 'Gondolin', 'Beleriand', '78911', TRUE, TRUE, TRUE);
INSERT INTO users (id, display_name, city, state, zip_code, peanut_allergy_interest, egg_allergy_interest, dairy_allergy_interest) VALUES (20, 'Turgon', 'Gondolin', 'Beleriand', '89022', FALSE, FALSE, TRUE);
INSERT INTO users (id, display_name, city, state, zip_code, peanut_allergy_interest, egg_allergy_interest, dairy_allergy_interest) VALUES (21, 'Finrod Felagund', 'Nargothrond', 'Beleriand', '90123', TRUE, FALSE, TRUE);
INSERT INTO users (id, display_name, city, state, zip_code, peanut_allergy_interest, egg_allergy_interest, dairy_allergy_interest) VALUES (22, 'Gwindor', 'Nargothrond', 'Beleriand', '91234', FALSE, TRUE, FALSE);
INSERT INTO users (id, display_name, city, state, zip_code, peanut_allergy_interest, egg_allergy_interest, dairy_allergy_interest) VALUES (23, 'Maeglin', 'Gondolin', 'Beleriand', '12358', TRUE, TRUE, FALSE);
INSERT INTO users (id, display_name, city, state, zip_code, peanut_allergy_interest, egg_allergy_interest, dairy_allergy_interest) VALUES (24, 'Eönwë', 'Valinor', 'Aman', '12360', FALSE, FALSE, TRUE);
INSERT INTO users (id, display_name, city, state, zip_code, peanut_allergy_interest, egg_allergy_interest, dairy_allergy_interest) VALUES (25, 'Varda', 'Valinor', 'Aman', '23470', TRUE, FALSE, FALSE);
INSERT INTO users (id, display_name, city, state, zip_code, peanut_allergy_interest, egg_allergy_interest, dairy_allergy_interest) VALUES (26, 'Aulë', 'Valinor', 'Aman', '34580', TRUE, TRUE, TRUE);
INSERT INTO users (id, display_name, city, state, zip_code, peanut_allergy_interest, egg_allergy_interest, dairy_allergy_interest) VALUES (27, 'Mandos', 'Valinor', 'Aman', '45690', FALSE, TRUE, FALSE);
INSERT INTO users (id, display_name, city, state, zip_code, peanut_allergy_interest, egg_allergy_interest, dairy_allergy_interest) VALUES (28, 'Nienna', 'Valinor', 'Aman', '56710', TRUE, TRUE, TRUE);
INSERT INTO users (id, display_name, city, state, zip_code, peanut_allergy_interest, egg_allergy_interest, dairy_allergy_interest) VALUES (29, 'Ulmo', 'Valinor', 'Aman', '67820', FALSE, FALSE, TRUE);
INSERT INTO users (id, display_name, city, state, zip_code, peanut_allergy_interest, egg_allergy_interest, dairy_allergy_interest) VALUES (30, 'Yavanna', 'Valinor', 'Aman', '78930', TRUE, TRUE, FALSE);
INSERT INTO users (id, display_name, city, state, zip_code, peanut_allergy_interest, egg_allergy_interest, dairy_allergy_interest) VALUES (31, 'Vairë', 'Valinor', 'Aman', '89040', FALSE, FALSE, TRUE);
INSERT INTO users (id, display_name, city, state, zip_code, peanut_allergy_interest, egg_allergy_interest, dairy_allergy_interest) VALUES (32, 'Elros Tar-Minyatur', 'Númenor', 'Númenor', '12370', FALSE, FALSE, TRUE);
INSERT INTO users (id, display_name, city, state, zip_code, peanut_allergy_interest, egg_allergy_interest, dairy_allergy_interest) VALUES (33, 'Tar-Aldarion', 'Númenor', 'Númenor', '23480', TRUE, FALSE, FALSE);
INSERT INTO users (id, display_name, city, state, zip_code, peanut_allergy_interest, egg_allergy_interest, dairy_allergy_interest) VALUES (34, 'Isildur', 'Minas Ithil', 'Gondor', '34590', FALSE, TRUE, TRUE);
INSERT INTO users (id, display_name, city, state, zip_code, peanut_allergy_interest, egg_allergy_interest, dairy_allergy_interest) VALUES (35, 'Anárion', 'Minas Anor', 'Gondor', '45600', TRUE, FALSE, TRUE);

INSERT INTO restaurants (id, name, address, zip_code, cuisine_type, peanut_score, egg_score, dairy_score, overall_score) VALUES (1, 'The Prancing Pony', 'Bree, Middle-earth', '10001', 'Pub', 4.5, 4.2, 4.8, 4.5);
INSERT INTO restaurants (id, name, address, zip_code, cuisine_type, peanut_score, egg_score, dairy_score, overall_score) VALUES (2, 'Green Dragon Inn', 'Bywater, The Shire', '10001', 'Traditional Hobbit Cuisine', 5.0, 4.9, 4.7, 4.9);
INSERT INTO restaurants (id, name, address, zip_code, cuisine_type, peanut_score, egg_score, dairy_score, overall_score) VALUES (3, 'Rivendell Feast Hall', 'Rivendell, Middle-earth', '10001', 'Elven Gourmet', 4.8, 5.0, 5.0, 4.9);
INSERT INTO restaurants (id, name, address, zip_code, cuisine_type, peanut_score, egg_score, dairy_score, overall_score) VALUES (4, 'Mordor BBQ Pit', 'Mount Doom, Mordor', '10001', 'Grilled Meat', 3.2, 3.8, 3.5, 3.6);
INSERT INTO restaurants (id, name, address, zip_code, cuisine_type, peanut_score, egg_score, dairy_score, overall_score) VALUES (5, 'Gondor Royal Banquet', 'Minas Tirith, Gondor', '10001', 'Fine Dining', 4.7, 4.6, 4.5, 4.6);
INSERT INTO restaurants (id, name, address, zip_code, cuisine_type, peanut_score, egg_score, dairy_score, overall_score) VALUES (6, 'Rohan Mead Hall', 'Edoras, Rohan', '10001', 'Medieval Feast', 4.4, 4.2, 4.0, 4.2);
INSERT INTO restaurants (id, name, address, zip_code, cuisine_type, peanut_score, egg_score, dairy_score, overall_score) VALUES (7, 'Lothlórien Vegan Delights', 'Caras Galadhon, Lothlórien', '10001', 'Elven Vegan', 5.0, 5.0, 5.0, 5.0);
INSERT INTO restaurants (id, name, address, zip_code, cuisine_type, peanut_score, egg_score, dairy_score, overall_score) VALUES (8, 'Isengard Dairy Farm', 'Isengard, Rohan', '10001', 'Dairy Products', 3.5, 3.0, 3.5, 3.3);
INSERT INTO restaurants (id, name, address, zip_code, cuisine_type, peanut_score, egg_score, dairy_score, overall_score) VALUES (9, 'Valinor Vegan Café', 'Valinor, Aman', '10001', 'Vegan Cuisine', 4.9, 4.8, 4.9, 4.9);
INSERT INTO restaurants (id, name, address, zip_code, cuisine_type, peanut_score, egg_score, dairy_score, overall_score) VALUES (10, 'Khazad-dûm Delicatessen', 'Moria, Ered Luin', '10001', 'Dwarven Delicacies', 4.0, 4.0, 4.0, 4.0);

INSERT INTO dining_reviews (id, user_id, restaurant_id, peanut_score, egg_score, dairy_score, commentary, status) VALUES (1, 1, 1, 5.0, 4.5, 3.0, 'Ótimo restaurante, mas poucas opções sem laticínios.', 'PENDING');
INSERT INTO dining_reviews (id, user_id, restaurant_id, peanut_score, egg_score, dairy_score, commentary, status) VALUES (2, 2, 3, 4.0, 5.0, 5.0, 'Comida excelente, perfeito para quem tem alergias!', 'APPROVED');
INSERT INTO dining_reviews (id, user_id, restaurant_id, peanut_score, egg_score, dairy_score, commentary, status) VALUES (3, 3, 2, 3.5, 2.0, 4.5, 'Ambiente agradável, mas poderia ter mais opções sem amendoim.', 'PENDING');
INSERT INTO dining_reviews (id, user_id, restaurant_id, peanut_score, egg_score, dairy_score, commentary, status) VALUES (4, 4, 5, 5.0, 5.0, 4.5, 'Melhor experiência gastronômica que já tive!', 'APPROVED');
INSERT INTO dining_reviews (id, user_id, restaurant_id, peanut_score, egg_score, dairy_score, commentary, status) VALUES (5, 5, 4, 2.0, 3.0, 5.0, 'Ótima comida, mas tenha cuidado com ingredientes que possam conter amendoim.', 'REJECTED');
INSERT INTO dining_reviews (id, user_id, restaurant_id, peanut_score, egg_score, dairy_score, commentary, status) VALUES (6, 6, 6, 4.0, 3.0, 2.5, 'Opções bem variadas, mas poucos pratos sem ovos.', 'PENDING');
INSERT INTO dining_reviews (id, user_id, restaurant_id, peanut_score, egg_score, dairy_score, commentary, status) VALUES (7, 7, 7, 5.0, 5.0, 5.0, 'Perfeito para vegetarianos e pessoas com restrições alimentares.', 'APPROVED');
INSERT INTO dining_reviews (id, user_id, restaurant_id, peanut_score, egg_score, dairy_score, commentary, status) VALUES (8, 8, 8, 3.0, 4.0, 3.5, 'Comida muito saborosa, mas um pouco pesada nos laticínios.', 'PENDING');
INSERT INTO dining_reviews (id, user_id, restaurant_id, peanut_score, egg_score, dairy_score, commentary, status) VALUES (9, 9, 9, 5.0, 4.5, 5.0, 'Pratos incríveis, ambiente agradável e seguro para alérgicos.', 'APPROVED');
INSERT INTO dining_reviews (id, user_id, restaurant_id, peanut_score, egg_score, dairy_score, commentary, status) VALUES (10, 10, 10, 3.0, 2.5, 4.0, 'Boa comida, mas poucas opções sem ovos.', 'REJECTED');
